Rk,School,G,W,L,W-L%,SRS,SOS,Conf W,Conf L,Home W,Home L,Away W,Away L,Tm Points,Opp Points,MP,FG,FGA,FG%,3P,3PA,3P%,FT,FTA,FT%,ORB,TRB,AST,STL,BLK,TOV,PF
1,Abilene Christian,34,16,18,0.471,-4.12,-1.12,10,10,8,6,5,10,72.1,73.5,40.4,25.3,58.4,0.433,5.29,15.6,0.34,16.2,22.3,0.727,9.68,33.5,12.7,7.71,2.12,12.8,19.6
2,Air Force,31,9,22,0.29,-4.77,1.43,2,16,4,12,5,8,66.2,72.4,40.3,23.5,51.7,0.453,8.81,24.4,0.361,10.5,15.3,0.682,7.26,28.1,14.5,6.52,3.94,12,17.5
3,Akron NCAA,35,24,11,0.686,2.77,-2.08,13,5,13,1,7,6,73.6,66.2,40.1,26.1,57.7,0.453,8,24.7,0.324,13.3,18.3,0.727,10.4,36.5,13,5.63,2.86,11.3,16.7
4,Alabama A&M,35,12,23,0.343,-14.35,-7.52,9,9,7,5,4,15,69,75.8,40.1,23,54.8,0.42,4.23,14.7,0.287,18.7,25.9,0.722,11.3,35.7,10.5,7.46,3.89,16.1,20.8
5,Alabama NCAA,37,25,12,0.676,20.69,11.8,13,5,14,2,5,5,90.1,81.2,40.3,30.7,64.5,0.476,11.2,29.9,0.373,17.6,22.8,0.772,12.8,39.6,15.9,6.92,4.38,11.8,19.8
6,Alabama State,32,13,19,0.406,-11.73,-6.87,8,10,7,5,3,13,68.6,69.4,40.7,24.1,65.2,0.37,6.97,24.8,0.281,13.4,18.5,0.723,14.2,39.5,10.8,8.66,3.84,11.3,19
7,Albany (NY),32,13,19,0.406,-6.6,-5.22,5,11,8,5,5,13,78.7,78.8,40.2,28.7,64.3,0.446,7.81,23.7,0.33,13.5,18.6,0.726,11.4,36,12.8,8.31,3.16,13.3,19.4
8,Alcorn State,32,14,18,0.438,-11.58,-5.61,13,5,7,3,7,14,71.9,77.4,40.2,25.6,57.8,0.442,5.19,15.4,0.337,15.6,21.8,0.712,11.3,33.9,11.6,6.88,1.75,11.6,17.7
9,American,32,16,16,0.5,-8.96,-8.79,10,8,8,7,8,9,68.8,68,40.3,24.4,54.4,0.449,8.72,24.8,0.351,11.1,15.4,0.722,8.97,32.6,14,5.81,1.69,10.8,16.5
10,Appalachian State,34,27,7,0.794,6.04,-2.34,16,2,15,0,8,5,78.4,67.1,40.9,29.3,61.8,0.475,6.59,19.8,0.332,13.1,19.3,0.68,11,41.6,14.6,6.15,6.76,10.7,13.2
11,Arizona NCAA,36,27,9,0.75,24.54,9.45,15,5,15,1,7,4,87.1,72.1,40.7,31.2,64.5,0.484,7.89,21.6,0.366,16.8,23.4,0.717,13.1,42.6,18.5,8.33,3.69,11.9,16.4
12,Arizona State,32,14,18,0.438,4.58,9.55,8,12,10,5,3,8,69,74,40.2,24.7,59.4,0.416,6.72,22.4,0.3,12.9,19.7,0.655,8.41,33.3,12,8.22,3.66,10.5,16.6
13,Arkansas,33,16,17,0.485,6.12,8.15,6,12,12,6,2,7,77.8,79.8,40.6,26,57.5,0.453,6.03,18.9,0.318,19.7,26,0.756,8.52,34.5,11.7,6,6.09,12,19.8
14,Arkansas State,37,20,17,0.541,0.28,-1.53,11,7,10,3,5,11,78.8,77,40.1,27.6,62.5,0.441,9.22,26.8,0.344,14.4,20.6,0.702,13.2,38.4,14.5,5.59,4.41,11.2,17.4
15,Arkansas-Pine Bluff,31,13,18,0.419,-15.56,-7.6,8,10,8,6,5,12,80.1,81.8,40,26.2,58.7,0.446,10.9,29,0.375,16.8,22,0.762,8.42,34.6,15.1,5.9,2.16,13.3,18.3
16,Army,32,10,22,0.313,-14.67,-8.93,6,12,6,11,4,11,60.3,64.3,40.5,22.1,54.6,0.405,7.88,24.6,0.32,8.25,14,0.588,9.63,34,12.5,5.75,3.94,12.2,15.8
17,Auburn NCAA,35,27,8,0.771,22.46,7.66,13,5,15,1,5,5,83.1,68.3,40,28.9,60.6,0.476,8,22.7,0.352,17.4,23.2,0.75,11.2,37.8,17.8,7.37,6.14,10.7,19.4
18,Austin Peay,35,19,16,0.543,-6.13,-4.85,10,6,14,3,4,12,74.8,73.2,40.7,26.9,60.1,0.447,7.91,21.9,0.361,13.1,18.6,0.706,10.8,33.9,11.1,7.14,2.71,8.8,17.6
19,Ball State,31,15,16,0.484,-6.68,-5.93,7,11,9,7,6,8,73.5,71,40.5,24.8,55.7,0.446,7.48,20.7,0.362,16.5,21.5,0.767,9.48,34.9,12.4,5.48,3.1,12.1,15.1
20,Baylor NCAA,35,24,11,0.686,19.5,10.71,11,7,15,2,4,5,80.4,71.1,40.9,27.6,57.2,0.483,8.6,22.1,0.389,16.5,22.6,0.732,11.4,35.1,14.7,6.74,3.14,12,16.5
21,Bellarmine,31,8,23,0.258,-11.79,-2.47,4,12,6,7,2,16,69.5,74.8,40.3,25.7,59.3,0.434,7.68,22.5,0.341,10.4,13.3,0.779,7.9,32.3,13.5,5.29,1.94,9.58,15.7
22,Belmont,33,20,13,0.606,2.79,1.44,12,8,12,2,6,9,77.9,75.5,40.2,27.9,58.8,0.476,9.12,24.6,0.371,12.9,17.8,0.723,7.18,34.2,15.3,7.52,3.06,12.2,15.5
23,Bethune-Cookman,34,17,17,0.5,-11.87,-8.87,11,7,11,2,5,11,72.9,72.6,40.4,25.3,58.6,0.431,5.85,18.2,0.321,16.5,21.8,0.755,10.5,33.5,12.2,10.3,3.44,13.9,20.5
24,Binghamton,30,15,15,0.5,-9.29,-5.21,7,9,10,4,5,11,72.1,72.2,40.3,26.7,57.9,0.461,5.47,17.9,0.306,13.2,19.8,0.667,10.4,38.5,14.5,5,3.77,12.2,16.6
25,Boise State NCAA,33,22,11,0.667,13.31,7.35,13,5,13,3,7,3,75.1,67.3,40.3,26,58,0.449,7.82,23,0.34,15.3,20.8,0.736,11.6,37.3,12.2,5.73,2.36,11.1,16.7
26,Boston College,36,20,16,0.556,9.48,7.25,8,12,10,6,7,7,74.1,71.9,40.3,27.3,59.9,0.456,8.31,22.9,0.362,11.2,15,0.75,9.39,35.3,14.1,5.89,3.44,10.4,15.7
27,Boston University,33,16,17,0.485,-9.93,-8.49,10,8,9,7,7,10,66.5,66.6,40.5,23.3,56.2,0.414,7.7,23.1,0.333,12.2,17,0.717,9.36,35.4,12.9,6.55,3.09,11.6,17.3
28,Bowling Green State,34,20,14,0.588,-4.93,-5.52,10,8,12,5,5,7,73.6,71,40.7,25.9,60.1,0.431,6.35,21.5,0.296,15.4,21.5,0.715,11.4,38,11.3,6.5,2.82,11.5,15.7
29,Bradley,35,23,12,0.657,9.48,2.96,13,7,14,3,6,7,74.1,67.1,40.4,26.9,57.1,0.472,8.74,23.9,0.366,11.4,15.7,0.727,9.26,34.7,13.2,7.14,4.11,12.1,16.5
30,Brigham Young NCAA,34,23,11,0.676,19.33,7.86,10,8,16,2,3,7,81.4,69.9,40,29.2,63.4,0.46,11.1,32,0.348,11.9,16.1,0.742,11.9,39.5,18.5,5.94,2.97,10.7,17.7
31,Brown,31,13,18,0.419,-3.6,-1.73,8,6,5,7,6,8,71.4,71.8,40.7,25.2,58.6,0.43,8.19,24,0.341,12.7,19.5,0.653,11.8,37.2,13.5,6.32,4.23,12.4,16.7
32,Bryant,33,20,13,0.606,-3.06,-3.54,11,5,11,3,8,10,78.7,75.4,40.3,28.9,63.2,0.457,8.27,24.4,0.339,12.6,18.9,0.669,7.85,37.8,14.8,6.97,6.45,11.9,16.9
33,Bucknell,33,14,19,0.424,-8.33,-6.39,10,8,6,8,8,11,65.2,67.2,40.5,23,53.6,0.428,8.15,24.1,0.338,11.2,15.6,0.716,8.36,32.5,12.1,6.12,3.42,12.3,16.9
34,Buffalo,31,4,27,0.129,-15.12,-2.82,2,16,2,13,2,11,68,79.7,40.2,24.8,59,0.421,6.68,24.1,0.277,11.6,16.3,0.716,10.4,34.9,13.4,6.06,4.55,14.5,15.6
35,Butler,33,18,15,0.545,12.18,9.49,9,11,12,6,4,7,77.1,73.7,40.9,27.9,61.7,0.453,8.36,23.6,0.355,12.8,16.2,0.791,9.33,35.2,15.1,6.18,3.33,10.9,13.8
36,Cal Poly,32,4,28,0.125,-13.64,-2.28,0,20,3,11,0,16,63.7,74.1,40.5,22.5,55.6,0.404,6.19,18.7,0.331,12.5,17.8,0.705,8.84,31.3,9.81,5.41,3.66,12.7,19.2
37,Cal State Bakersfield,32,13,19,0.406,-5.37,-2.17,8,12,10,4,2,13,68.7,69.2,40.5,25.2,58.2,0.434,4.69,14.9,0.315,13.6,18.8,0.723,11.9,34.7,10.5,6.88,3.56,12.2,20.4
38,Cal State Fullerton,32,14,18,0.438,-5.15,-1.15,7,13,7,7,6,10,67.9,69.1,40.2,23.1,53.7,0.431,6.47,19.6,0.33,15.2,21.4,0.708,8.41,32.8,8.88,6.69,3.06,12.3,17.8
39,Cal State Northridge,34,19,15,0.559,-4.78,-4.13,9,11,9,7,9,7,75,73.6,40.1,27.6,60.7,0.455,4.85,15.8,0.307,14.9,22.3,0.668,11.8,40.1,13.9,7.44,3.35,14.1,20.8
40,California,32,13,19,0.406,4.94,8,9,11,10,6,3,8,74,77,40.9,26,61.9,0.421,8.78,26,0.338,13.1,18.1,0.727,10.7,37.2,12.1,6.03,2.59,11.6,17.3
41,California Baptist,33,16,17,0.485,-2.32,-2.26,8,12,11,7,4,9,67.3,66.6,40.3,23.1,56.3,0.41,6.67,20.4,0.326,14.5,21.2,0.683,12,37.6,11.3,4.03,2.64,11.9,15.9
42,Campbell,32,14,18,0.438,-10.62,-5.66,8,10,11,6,3,11,71,72.1,40.5,25.2,54.4,0.463,7.25,21,0.345,13.4,18.4,0.725,7.69,32.5,13.3,6.31,2.41,12,15.2
43,Canisius,32,14,18,0.438,-7.95,-4.89,8,12,8,4,3,12,70.4,72.1,40.3,26.3,59.7,0.44,7.25,21.6,0.336,10.6,16.9,0.625,12,36.9,12.5,6,3.47,13.5,16.3
44,Central Arkansas,32,9,23,0.281,-15.7,-5.64,5,11,5,10,4,13,72.2,78.2,40.2,25.5,61.4,0.416,8,23.3,0.343,13.1,17.7,0.74,11.2,36.4,13.7,7.03,3.28,12.7,17.1
45,Central Connecticut State,31,20,11,0.645,-8.15,-10.15,13,3,11,4,9,7,72.2,66.5,40.3,26.1,58,0.451,6.71,20.8,0.322,13.2,18.6,0.709,9.61,35.8,14.3,7.48,4.84,11.3,13.6
46,Central Michigan,32,18,14,0.563,-8.07,-3.59,12,6,10,3,7,9,66.5,70.1,41.1,24.7,58.8,0.42,6.25,20.6,0.303,10.8,16.4,0.66,10.6,36.3,11.4,6,3.72,12,16.5
47,Charleston Southern,30,10,20,0.333,-12.03,-1.59,6,10,7,7,3,12,67.6,73.7,40,23.8,57.6,0.414,6.93,21,0.331,13,17.7,0.736,10,35.5,10.2,3.83,3,12.2,17.1
48,Charlotte,31,19,12,0.613,4.09,2.42,13,5,13,2,5,7,68.7,65.6,40.3,24.1,53.4,0.452,6.48,20.5,0.317,14,18.6,0.753,8.39,32.5,13.1,5.42,3.39,9.71,15.5
49,Chattanooga,33,21,12,0.636,-0.21,-3.85,12,6,12,4,8,7,78.2,71.6,40.5,27,58,0.466,10.6,29.4,0.359,13.6,18.2,0.745,9.24,36.5,13.5,6.3,3.67,11.9,15.9
50,Chicago State,32,13,19,0.406,-9.34,-3.03,,,6,5,5,12,69.5,70.6,40.2,24.1,56.8,0.425,6.28,20,0.314,15,21.1,0.712,12.2,33.6,11.1,8.66,3.22,13.2,17.5
51,Cincinnati,37,22,15,0.595,15.06,8.49,7,11,16,5,4,8,74.7,68.2,40.5,27.6,62.4,0.443,7.57,22.9,0.33,11.9,17.2,0.688,13.3,39.5,14.6,6.49,4.43,12,15
52,Clemson NCAA,36,24,12,0.667,16.2,10.04,11,9,12,4,6,6,77.4,71.2,40.3,27.5,58.8,0.469,8.22,23.4,0.351,14.1,18.1,0.78,9.06,36.3,14.8,4.58,3.83,10.1,16.3
53,Cleveland State,36,21,15,0.583,-3.47,-4.44,11,9,14,3,6,10,75.5,72.8,40.3,27.9,62.4,0.447,6.44,19.4,0.333,13.2,19.8,0.668,12.6,35.2,13.3,8.25,3.89,10.3,18.3
54,Coastal Carolina,31,9,22,0.29,-10.47,-2.88,5,13,7,12,1,9,73.5,78.5,40.3,26.9,60.6,0.444,6.48,20.2,0.321,13.2,19.9,0.664,11.4,40.3,12.7,5.74,3.13,13.5,16
55,Colgate NCAA,35,25,10,0.714,-0.31,-5.55,16,2,13,3,10,5,71.4,64.1,40,26.5,56.5,0.469,7.77,21.6,0.359,10.5,15.4,0.681,8.17,35.6,15,6.49,3.49,10.5,13.4
56,College of Charleston NCAA,35,27,8,0.771,4.09,-2.38,15,3,13,2,10,2,80.9,73.6,40.1,28.7,65.1,0.442,10.5,30.6,0.343,12.9,17.9,0.722,13.1,39.8,15.3,6.26,3.09,9.94,15.9
57,Colorado NCAA,37,26,11,0.703,15.95,8.36,13,7,16,1,4,7,79.3,71.7,40.4,28.4,57.3,0.495,6.86,17.5,0.391,15.8,20.1,0.784,9.95,36.9,16.2,5.97,2.16,12.6,14.8
58,Colorado State NCAA,36,25,11,0.694,13.4,7.28,10,8,15,2,4,7,75.2,67.3,40.3,27.2,56.2,0.484,7.33,21.7,0.338,13.4,17.8,0.752,7.86,33.4,18,6.28,3.14,10.4,17
59,Columbia,27,13,14,0.481,-5.43,-3.72,4,10,9,6,4,8,77,72.4,40,27.7,59.1,0.469,8.56,22.8,0.375,12.9,17.7,0.732,9.81,35.7,17.4,7.74,2.3,12.2,16.2
60,Connecticut NCAA,40,37,3,0.925,26.7,8.7,18,2,16,0,9,3,81.4,63.4,40,29.4,59.2,0.497,8.5,23.8,0.358,14.1,18.9,0.743,11.7,38.8,18.7,6.15,5.42,9.57,16.3
61,Coppin State,29,2,27,0.069,-21.46,-6.49,1,13,2,8,0,17,57.9,72.8,40.3,20.2,54.2,0.372,5.28,18.6,0.283,12.2,16.9,0.726,9.76,30.1,8.28,7.66,2.79,15.7,17.7
62,Cornell,30,22,8,0.733,3.58,-1.59,11,3,10,1,10,6,82.1,74.7,40,29.8,61.2,0.487,10.3,29.7,0.348,12.1,16.7,0.723,9.57,35.4,18.1,8.33,2.63,12.2,18.3
63,Creighton NCAA,35,25,10,0.714,20.07,9.53,14,6,14,2,8,5,80.4,69.9,41,29,60,0.484,10.7,29.1,0.368,11.7,14.8,0.788,8.4,38.1,16.8,3.83,4.09,10.6,11.5
64,Dartmouth,27,6,21,0.222,-13.99,-1.31,2,12,6,7,0,14,61.9,71.9,40,22,53.6,0.411,7.07,23.2,0.305,10.8,15.6,0.69,7.41,33.3,12.3,4.44,3.52,12.7,13.9
65,Davidson,32,15,17,0.469,3.63,3.3,5,13,9,7,4,8,70.1,67.9,40.6,24.5,56.8,0.431,7.34,23.4,0.314,13.8,18.8,0.733,9.22,34.7,12.6,6.47,3.5,10.6,16
66,Dayton NCAA,33,25,8,0.758,13.45,5.73,14,4,15,0,6,5,74.2,66.5,40.2,25.2,53.1,0.474,9.39,23.5,0.399,14.4,19.5,0.74,8.03,33.5,14.6,5.52,3.91,10.4,13.5
67,Delaware,33,19,14,0.576,-1.68,-4.3,10,8,8,5,8,6,73.2,69.7,40.2,27,58.1,0.465,6.88,20.5,0.335,12.3,17.5,0.707,9.21,35.7,13.8,5.39,3.03,10.8,15
68,Delaware State,34,15,19,0.441,-10.51,-7.58,6,8,7,5,4,11,70.6,71,40.7,25,57.7,0.434,4.65,14.5,0.32,15.9,22.5,0.706,11.3,34.4,12.1,8.38,1.94,14.8,16.9
69,Denver,34,17,17,0.5,-7.39,-4.82,6,10,10,4,4,11,81,80.5,40.7,27.8,61.9,0.45,8.65,24.9,0.348,16.7,22.9,0.73,10.2,35.7,13.1,6.21,3.88,10,16.9
70,DePaul,32,3,29,0.094,-6.23,10.8,0,20,3,15,0,11,64.7,81.8,40,22.7,53.6,0.423,6.25,18.7,0.335,13.2,17.9,0.733,7.28,29.7,12.3,5.25,3.09,13.6,15.1
71,Detroit Mercy,32,1,31,0.031,-16.9,-2.62,1,19,1,11,0,20,66,80.3,40.3,23.8,56.4,0.421,5.84,20.8,0.281,12.6,17.1,0.735,8.94,29.5,10.8,6.94,2.44,13.3,17.3
72,Drake NCAA,35,28,7,0.8,11.08,1.84,16,4,16,0,6,5,79.9,70.4,41,28.3,59.4,0.477,8.57,23.4,0.366,14.7,19.5,0.753,7.94,34.3,16,6.46,1.6,9.63,16.3
73,Drexel,32,20,12,0.625,1.14,-3.64,13,5,13,1,6,10,73.3,66.6,40.5,26.9,58.9,0.457,6.75,19.6,0.344,12.8,17.7,0.722,11.5,39.2,12.7,5.03,3.97,10.8,15.3
74,Duke NCAA,36,27,9,0.75,20.67,8.36,15,5,15,3,7,4,78.6,66.3,40,27.9,58.7,0.475,8.28,22,0.377,14.6,20.1,0.723,10.6,36.6,15.3,6.53,3.67,9.69,15.9
75,Duquesne NCAA,37,25,12,0.676,7.35,4.68,10,8,13,4,5,6,70.6,66.7,40,24.9,57,0.436,7.54,22.2,0.34,13.2,18.4,0.72,10.5,34.8,13.4,7.49,4.32,11.7,17.1
76,East Carolina,33,15,18,0.455,-0.62,1.32,7,11,11,9,3,7,69.3,70.3,40.3,24.3,57.7,0.422,6.61,21.1,0.313,14,20.3,0.692,11.9,35,12.3,7.88,2.79,10.8,15.6
77,East Tennessee State,35,19,16,0.543,-3.11,-2.74,8,10,10,4,5,11,71.5,69.6,40.1,24.7,60.9,0.406,7.77,25,0.311,14.2,20.9,0.682,13.9,38.6,11.4,7.69,4.66,12.4,18.2
78,East Texas A&M,33,13,20,0.394,-14.52,-5.19,6,12,8,7,4,12,71.5,74.6,41.4,25.1,60.5,0.415,8.73,27.9,0.312,12.6,17.9,0.701,9.58,32.6,13.8,7.94,4.97,11.7,17.6
79,Eastern Illinois,32,14,18,0.438,-11.6,-6.5,8,10,9,6,4,11,68.9,67.9,40,25.7,61,0.421,5.59,17.5,0.32,11.9,16.3,0.731,10.9,35.3,12.9,8.06,2.97,10.3,17.7
80,Eastern Kentucky,31,17,14,0.548,-5.42,-4.49,12,4,13,4,4,10,80.8,76.5,40.2,29.6,64.3,0.46,7.84,21.9,0.358,13.8,20.3,0.68,13.2,40.1,14.6,6.32,6.13,11.5,16.2
81,Eastern Michigan,31,13,18,0.419,-12.76,-5.07,6,12,9,6,4,11,66,72.6,40.5,25.3,58.9,0.429,5.74,18.9,0.304,9.77,14.6,0.667,10.4,34.5,10.4,5.77,2.48,11.6,16.4
82,Eastern Washington,32,21,11,0.656,-1.03,-2.99,15,3,11,1,10,9,80.8,75.2,40.2,27.9,55.7,0.501,8.53,23.4,0.364,16.4,21.3,0.771,8.06,33.8,17.6,5.97,3.59,13.2,18.1
83,Elon,32,13,19,0.406,-11.43,-5.46,6,12,8,6,3,12,73.1,75.4,40,25.8,57.8,0.446,8.59,24.4,0.352,13,18.4,0.707,10.3,33.8,13.1,6.28,2.66,11.8,15.7
84,Evansville,35,17,18,0.486,-3.69,0.75,6,14,10,5,4,11,70.9,73.2,40.3,26.1,58.4,0.448,6.77,20.1,0.336,11.8,16.5,0.718,7.71,33.7,12.9,6.49,3.09,11.6,15.3
85,Fairfield,37,24,13,0.649,-3.17,-6.53,14,6,10,4,10,6,75.5,71,40,26.8,60,0.446,9.24,25.5,0.363,12.7,16.8,0.758,9.95,33.5,13.4,8.49,2.22,10.6,14.4
86,FDU,32,15,17,0.469,-14.41,-9.27,9,7,7,7,8,9,75.9,77.6,40.3,26.3,62.9,0.419,8.38,25.4,0.33,14.9,21.3,0.7,11.4,37.2,15.1,8.22,2.53,12.8,17.8
87,Florida A&M,29,6,23,0.207,-15.82,-4.19,4,14,4,8,2,14,67.2,77.2,40.7,25.1,57.9,0.433,5.86,17.1,0.343,11.2,16,0.7,9.59,34.6,14.3,5.97,2.83,15.2,18.7
88,Florida Atlantic NCAA,34,25,9,0.735,13.26,4.61,14,4,13,1,5,5,82,73.4,40.9,29.2,61,0.478,8.35,23.8,0.351,15.3,21.3,0.72,11.6,38.1,14.9,7.18,3.09,11.4,16.1
89,Florida Gulf Coast,32,14,18,0.438,-6.28,-3.94,8,8,9,5,4,10,70.4,71.1,40.2,25.8,56.8,0.455,7.81,22,0.355,10.9,15.7,0.695,9.88,34.3,11.7,6.03,3.38,11.3,14.5
90,Florida International,33,11,22,0.333,-8.01,-2.17,5,11,9,6,1,12,73.6,76.5,40.2,26.7,61.2,0.437,8.61,25.5,0.338,11.5,17.2,0.67,10.4,31.6,14.1,10.2,4.09,13.7,18
91,Florida NCAA,36,24,12,0.667,15.17,8.81,11,7,14,1,3,7,85.6,79.2,40.7,29.9,65.3,0.458,7.78,22.6,0.345,17.9,25.1,0.715,14.6,42.3,15.2,6.69,5.25,11.7,18.4
92,Florida State,33,17,16,0.515,9.52,9.27,10,10,10,7,4,7,76.5,76.3,40.2,27.4,60.5,0.453,6.06,19.1,0.317,15.8,22.3,0.707,10.2,33.3,12.3,9.24,4.3,11.9,19.7
93,Fordham,33,13,20,0.394,-0.46,1.48,6,12,6,11,4,6,70.5,72.4,40.8,24.2,60.4,0.4,8.03,25.5,0.315,14.1,21.2,0.662,13,37.1,12.7,8.03,4.73,12.9,20.2
94,Fresno State,33,12,21,0.364,-3.29,3.5,4,14,7,9,3,9,67.7,73.9,40.6,24.6,54.4,0.453,6.94,20.9,0.332,11.5,16.8,0.685,7.88,31.6,12.5,6.15,2.45,12.6,15.8
95,Furman,33,17,16,0.515,0.21,-1.93,10,8,12,3,4,10,79.5,75.9,40.6,27.6,62.2,0.444,9.7,29.9,0.324,14.6,20,0.728,11.2,37.8,16.2,7.12,2.88,11.8,16
96,Gardner-Webb,33,17,16,0.515,-4.66,-1.73,11,5,9,4,6,8,73.5,73.2,40.5,26.3,60.4,0.435,7.55,21.9,0.345,13.4,21.3,0.631,11.2,38.2,12.7,5.85,2.36,11.7,19.2
97,George Mason,32,20,12,0.625,6.36,1.85,9,9,14,3,5,7,71,65.9,40,24.7,53.8,0.46,6.81,19.9,0.342,14.8,19.9,0.743,10.1,36,11.4,5.47,3.44,11.8,16.5
98,George Washington,32,15,17,0.469,-1.03,-0.06,4,14,12,6,1,9,76.8,77.3,41.1,26.3,59.4,0.442,8.97,24.9,0.361,15.3,20.4,0.746,9.16,36.9,12.3,5.91,4.78,12.4,14.5
99,Georgetown,32,9,23,0.281,0.68,7.72,2,18,7,12,2,10,70.8,77.9,40.3,24.2,58.3,0.415,8.28,23.9,0.346,14.1,19.8,0.714,12.2,34.1,12.2,5.72,3.06,12.2,16.7
100,Georgia,37,20,17,0.541,8.63,8.63,6,12,13,6,6,6,74.7,74.7,40.1,25.5,59.3,0.43,8.11,23.9,0.34,15.6,21.7,0.72,9.89,35.6,11.8,6.41,3.27,11.4,16.2
101,Georgia Southern,33,9,24,0.273,-8.44,-2.53,8,10,6,6,2,14,73.3,79.2,40.5,25.7,59.7,0.43,9.36,26.6,0.352,12.6,17.3,0.732,10.5,34.2,10.7,6.91,4,13.2,20.1
102,Georgia State,31,14,17,0.452,-4.59,-2.59,8,10,9,5,5,11,76.5,74.8,40.3,27.6,63.5,0.435,7.55,23.2,0.326,13.7,18.1,0.757,10.5,37.4,11.8,5.77,2.87,9.71,17.5
103,Georgia Tech,32,14,18,0.438,4.6,8.82,7,13,8,7,4,9,71,75.2,40.6,25.3,60.1,0.421,7.94,24.4,0.326,12.4,17.5,0.709,11.5,38.1,13.3,4.38,4,12.3,16.5
104,Gonzaga NCAA,35,27,8,0.771,17.93,4.02,14,2,13,2,8,2,84.5,69.1,40,32,61.8,0.518,6.94,19.3,0.361,13.6,18.9,0.721,10.8,38.7,16.7,6.66,3.86,9.77,15.6
105,Grambling NCAA,36,21,15,0.583,-9.63,-5.48,14,4,9,3,7,9,67.7,69.6,40.5,23.9,54.3,0.44,5.14,15.2,0.338,14.8,20.8,0.708,9.61,32.2,9.83,7.39,3.19,13.1,16
106,Grand Canyon NCAA,35,30,5,0.857,10.45,-0.52,17,3,16,0,8,3,79.1,67,40.1,26.4,57.4,0.46,7,20.8,0.336,19.3,25.8,0.749,11.8,38.1,12.1,8.26,5.49,12.3,17.9
107,Green Bay,32,18,14,0.563,-5.64,-4.07,13,7,10,5,8,8,69,69,40.3,24.4,54.4,0.448,8.91,26.3,0.339,11.4,15.8,0.722,8.84,33.2,12.9,4.38,2.16,12,17.3
108,Hampton,33,9,24,0.273,-15.82,-5.29,3,15,5,9,1,12,71.8,76.4,40,25.8,60.9,0.424,7.3,23,0.318,12.8,17.9,0.714,11.3,37,12.8,5.85,3.73,12.5,16.3
109,Harvard,27,14,13,0.519,-4.58,-2.08,5,9,9,5,5,8,70.4,71.7,40.4,24.6,56.1,0.439,7.41,22.1,0.336,13.7,19.5,0.702,9.26,34.9,13,6.22,4.33,12.1,14.8
110,Hawaii,34,20,14,0.588,-0.07,-2.57,11,9,13,6,4,6,72.3,68.7,40.4,24.8,54.1,0.458,7.79,22.8,0.341,14.9,20.8,0.718,8.44,34,12.2,4.62,2.59,12.4,17.5
111,High Point,36,27,9,0.75,2.15,-4.83,13,3,16,2,7,5,83.9,74.4,40.7,27.8,60.1,0.462,8.33,24.4,0.341,20.1,25.8,0.778,13.2,40,11.9,5.06,3.33,11.1,18.1
112,Hofstra,33,20,13,0.606,2.31,-1.98,12,6,11,2,5,10,74.2,68.5,40.2,27.4,58.1,0.471,10,27,0.371,9.42,12.5,0.753,7.7,32.8,15.4,6.18,3.48,10.4,14.5
113,Holy Cross,33,10,23,0.303,-17.12,-7.87,6,12,5,8,4,14,66.5,74.6,40.2,24.7,56.3,0.439,7.55,21.3,0.354,9.55,14.4,0.662,8.27,32.7,11.1,4.03,3.3,11,16.1
114,Houston Christian,29,6,23,0.207,-19.37,-3.89,4,14,5,8,1,15,71.5,83.4,40.2,26.2,60.4,0.433,5.07,16.8,0.301,14.1,21.9,0.644,11.9,37.1,11.4,5.59,2.83,15.3,14.6
115,Houston NCAA,37,32,5,0.865,25.69,9.8,15,3,17,0,7,3,73.5,57.6,40.4,26.5,60.4,0.439,7.73,22.2,0.348,12.8,18.6,0.687,13.4,37.1,13.1,9.78,4.81,8.92,17.8
116,Howard NCAA,35,18,17,0.514,-8.69,-8.02,9,5,9,4,6,9,74.9,74.3,40.6,24.8,55.2,0.449,8.03,21.6,0.371,17.3,23.1,0.751,11.3,35.9,13.9,6.06,2.8,15.5,18.9
117,Idaho,32,11,21,0.344,-11.29,-4.69,5,13,6,10,4,10,67.8,71.2,40.2,24.5,55.6,0.442,7.59,22.7,0.335,11.2,15.2,0.733,7.94,31.6,12.3,5.59,3.19,11.5,17.7
118,Idaho State,34,14,20,0.412,-7.49,-5.11,7,11,8,5,4,13,70.5,70.1,40.7,25.7,55.9,0.46,6.41,19.5,0.329,12.6,18.4,0.686,9.91,32.1,12,7,3.56,10.9,16.1
119,Illinois NCAA,38,29,9,0.763,19.56,9.54,14,6,15,3,6,5,83.4,73.3,40.3,29.1,62,0.469,8.34,23.9,0.349,16.9,23,0.736,12.8,40.9,13.3,4.37,3.76,10.6,15.2
120,Illinois State,32,15,17,0.469,-1.38,0.43,9,11,10,6,4,8,66.5,67.7,40,23.2,54.8,0.424,6.06,20.8,0.292,14,19.7,0.711,10.1,34.8,12.5,5.56,2.25,11.3,15.7
121,Illinois-Chicago,33,12,21,0.364,-1.61,1.3,4,16,6,9,3,10,70.3,71.5,40.8,25.6,58.4,0.438,8.7,23.9,0.363,10.4,15.2,0.688,8.21,33.6,13.9,6.15,5.33,12.4,17.7
122,Incarnate Word,31,8,23,0.258,-16.4,-7.92,3,15,5,8,3,14,72.3,78.6,40.3,24.8,57.9,0.428,7.61,23,0.331,15.1,20.8,0.727,10.7,36.5,12.2,6.03,4.13,16,19
123,Indiana,33,19,14,0.576,7.74,9.74,10,10,13,5,4,6,72.3,74.3,40,26.6,56,0.476,5.03,15.5,0.324,14,21.1,0.664,8.88,35,15.3,5.18,4.03,12.1,16.9
124,Indiana State,39,32,7,0.821,13.44,2.26,17,3,16,1,9,4,84.8,73.2,40.1,29.3,57.9,0.505,10.9,28.7,0.382,15.4,19.3,0.796,7.15,35.5,17.9,6.1,1.85,11.6,16.4
125,Iona,33,16,17,0.485,-5.19,-5.95,10,10,9,5,5,8,71.3,70.6,40,26,60.1,0.432,8.21,23.3,0.353,11.2,17.2,0.652,10.5,31.8,14.3,8.85,2.91,10.2,17.8
126,Iowa,34,19,15,0.559,13,9.26,10,10,13,4,4,9,83.1,79.4,40.1,30.1,63.4,0.476,6.65,18.9,0.351,16.2,20.9,0.774,9.79,35.6,17.8,6.82,3.94,9.62,16.9
127,Iowa State NCAA,37,29,8,0.784,22.3,8.51,13,5,18,0,5,5,75.3,61.5,40,27.1,58.5,0.463,6.65,18.6,0.358,14.5,20.7,0.702,10.6,33.9,15.7,10.3,3.05,10.5,16.5
128,IU Indy,32,6,26,0.188,-21.31,-4.62,2,18,4,10,2,14,65.9,79.8,40.2,24.2,55.3,0.438,3.44,13.9,0.248,14,19,0.736,9.88,29.5,10.4,7.63,2.09,14.6,17.4
129,Jackson State,32,15,17,0.469,-11.5,-7.15,11,7,6,2,7,13,71.2,75.6,40.2,25,60.1,0.415,6.59,20.3,0.325,14.7,20.9,0.704,13,36.3,12,7.47,3.47,13.4,17
130,Jacksonville,33,16,17,0.485,-9.84,-4.87,5,11,11,3,4,14,71.8,72.4,40.2,25.3,58.1,0.435,6.48,19.7,0.329,14.7,20.8,0.705,12.5,36.6,10.8,7.73,3.03,13.1,19.6
131,Jacksonville State,32,14,18,0.438,-3.55,-3.14,6,10,8,7,5,10,70,66.4,40.2,25.1,55.6,0.452,5.31,15.8,0.335,14.5,20.7,0.702,11.6,36.8,11.1,6.75,3.94,13.5,16.4
132,James Madison NCAA,36,32,4,0.889,8.19,-3.75,15,3,14,1,12,2,83.2,69.6,40.4,29.8,62.6,0.476,8.53,23.7,0.36,15.1,21.4,0.703,11.5,38.6,16,9.03,3.14,10.9,17.3
133,Kansas City,32,16,16,0.5,-5.32,-4.5,10,6,10,3,6,9,71.9,69.3,40.6,25.4,59.5,0.427,8.41,25.3,0.332,12.7,17.8,0.713,11.5,36.3,12.8,5.97,3.75,12,19.5
134,Kansas NCAA,34,23,11,0.676,16.35,11.32,10,8,15,1,3,7,75.6,69.9,40.1,28.2,57.9,0.488,5.74,17.3,0.332,13.4,18.5,0.721,8.24,36.1,19,7.15,3.91,11.7,14.8
135,Kansas State,34,19,15,0.559,11.06,9.97,8,10,15,3,2,9,72.2,71.1,41,24.6,56.4,0.436,7.38,23.2,0.318,15.6,21.6,0.72,11.1,37.5,14,5.94,4.09,14.8,17.5
136,Kennesaw State,31,15,16,0.484,-8.02,-5.84,6,10,9,5,4,11,82.8,80.8,40.3,29.3,65.6,0.446,9.42,28.6,0.329,14.8,22,0.674,12.3,38.8,14.8,7.35,4.06,12.1,20.1
137,Kent State,34,17,17,0.5,-0.76,-2.54,8,10,9,6,4,9,74.8,71.3,40.7,26.2,59.3,0.441,8.29,23.2,0.358,14.2,19,0.746,11.1,34.6,12.8,6.88,2.62,11.9,17.9
138,Kentucky NCAA,33,23,10,0.697,16.79,7.46,13,5,14,4,7,3,89,79.7,40.5,32,64.6,0.495,9.91,24.2,0.409,15.2,19.7,0.772,10.1,37.6,17.5,7.52,6.27,10.7,17.5
139,La Salle,33,16,17,0.485,-1.62,0.85,6,12,11,6,3,10,72.7,73.1,40.6,26.6,61.8,0.43,8.52,24.6,0.346,11,15.2,0.723,10.2,34.6,14.7,6.33,3.33,9.58,16.7
140,Lafayette,32,11,21,0.344,-11.17,-6.01,10,8,5,10,6,9,62.8,67.3,40.6,23.3,57,0.408,7.09,22.8,0.312,9.22,13.7,0.674,8.72,33.3,13.2,6.56,4.34,11.6,16.2
141,Lamar,33,19,14,0.576,-5.47,-8.28,12,6,11,3,5,11,77.8,72.9,40.6,27.6,61.4,0.45,7.52,21.7,0.346,15,20.6,0.73,12.5,38.1,16.5,7.06,3.73,12.9,18.6
142,Le Moyne,32,15,17,0.469,-11.07,-9.55,9,7,10,3,5,14,72.4,70.2,40.2,25.7,59.6,0.432,9.84,28.4,0.346,11.2,14.7,0.761,8.44,34.2,15.7,8,3.22,11.5,15.3
143,Lehigh,32,14,18,0.438,-7.47,-6.6,9,9,6,7,8,11,72.7,71,40.9,25.9,59,0.439,7.19,22.3,0.322,13.7,18.6,0.735,8.22,35.5,13.2,7.22,2.28,12.1,16.6
144,Liberty,32,18,14,0.563,1.58,-1.56,7,9,12,3,2,8,73.8,65.5,40.3,27,57.8,0.467,10.1,27.5,0.368,9.75,14.8,0.661,8.72,34,15.9,5.22,2.31,10.4,15
145,Lindenwood,31,9,22,0.29,-18.73,-7.23,3,15,4,10,3,12,65.1,73.1,40.2,22.5,55.7,0.403,4.81,17,0.283,15.4,21.1,0.732,8.77,31.7,8.03,6.16,2.48,12,17.5
146,Lipscomb,32,20,12,0.625,-1.94,-5.04,11,5,12,2,6,9,82.1,76.5,40,30,60.8,0.493,9.28,24.4,0.38,12.8,16.7,0.767,7.63,33.3,14.5,6.13,3.44,10,12.9
147,Little Rock,34,21,13,0.618,-3.42,-8.24,14,4,14,4,6,6,77.3,72.5,40.3,28.1,59.5,0.473,6.38,18.5,0.345,14.6,19.5,0.748,10.9,36.6,14.8,5.97,4.71,12.3,17.5
148,Long Beach State NCAA,36,21,15,0.583,-1.19,-1.19,10,10,8,5,9,7,77.4,76,40.3,27.6,62.2,0.444,5.39,17.7,0.305,16.8,23.8,0.709,12.5,38.9,15.3,7.92,4.19,12.6,17.2
149,Long Island University,29,7,22,0.241,-17.86,-7.58,6,10,5,5,1,17,66.5,76.8,40.3,24.3,58.3,0.418,5.41,17.4,0.31,12.4,18.3,0.677,9.38,35,12.5,6.45,3.03,14.6,19.2
150,Longwood NCAA,35,21,14,0.6,-2.04,-4.76,6,10,13,3,6,10,74.7,68.5,40.6,26.6,58.7,0.453,5.74,16.9,0.341,15.8,23,0.687,13.4,38.4,12.7,6.97,2.51,12.7,18.3
151,Louisiana,33,19,14,0.576,-0.6,-2.67,10,8,11,3,5,9,75.9,71.7,40,27.8,61.4,0.454,7.61,22.5,0.338,12.6,17.2,0.729,11.2,34.3,12.4,8.61,3.76,11.8,17.9
152,Louisiana State,33,17,16,0.515,8.14,6.75,9,9,12,6,3,7,76.4,75,40.2,26.3,57.8,0.455,7.76,21.7,0.357,16,22.1,0.723,10.5,35.7,11.8,8,3.79,13.2,17.4
153,Louisiana Tech,32,22,10,0.688,4.83,-1.69,12,4,14,2,8,7,74.8,64.5,40.3,25.7,56.3,0.457,7.16,19.8,0.362,16.2,23.1,0.701,11.8,38.9,12.6,7.5,5.03,12.4,15.6
154,Louisiana-Monroe,30,11,19,0.367,-10.05,-2.44,6,12,8,6,3,12,69.9,74.4,40.2,25,59.6,0.42,5.07,17.1,0.296,14.7,22.2,0.665,13.2,37.8,12.7,7.3,2.2,12.5,18
155,Louisville,32,8,24,0.25,0.45,7.51,3,17,7,11,1,10,72,79.1,40.2,25,57.3,0.436,5.47,17.8,0.306,16.6,22.3,0.746,9.94,34.4,11.1,5.44,2.59,12.8,17
156,Loyola (IL),33,23,10,0.697,6.57,2.42,15,3,15,2,7,5,73.1,67.5,40.3,25.9,57.6,0.45,8.3,23.5,0.354,13,19.1,0.68,9.61,36.8,16.6,7.06,5.03,12.8,19.5
157,Loyola (MD),32,7,25,0.219,-16.17,-6.94,5,13,2,11,5,13,64,71.9,40.5,23,55.2,0.417,7.19,21.4,0.336,10.8,16.8,0.644,10.3,34.3,12.8,5.91,2.16,13.6,16.2
158,Loyola Marymount,31,12,19,0.387,-0.06,0.31,5,11,8,8,3,7,72.4,71.4,40,25.9,57.8,0.448,8.42,22.9,0.368,12.2,16.7,0.73,9.9,34.9,11.9,3.68,2.61,10.7,16.3
159,Maine,32,15,17,0.469,-6.39,-4.87,7,9,8,4,5,13,67.6,67.5,40.3,25,57.2,0.437,5.41,18.3,0.295,12.2,16.9,0.719,7.97,32.6,12.4,8.41,3.28,11.4,16.3
160,Manhattan,30,7,23,0.233,-15.28,-4.86,4,16,3,10,4,12,66.2,75.8,40.5,24.7,59.7,0.413,7.3,23.2,0.315,9.53,13.2,0.722,9.17,33,14.4,7.53,2.93,13.4,13.9
161,Marist,31,18,13,0.581,-5.64,-8.09,12,8,9,4,8,8,64.6,62.2,40,23.4,52.8,0.443,6.84,19.2,0.356,11,15.7,0.697,7.16,32.1,12.3,6.84,2.81,12.2,16.2
162,Marquette NCAA,37,27,10,0.73,19.27,11.02,14,6,14,2,7,5,78.1,69.8,40.1,29.1,61,0.478,8.84,25.1,0.352,10.9,15.6,0.703,8.7,32.8,15.9,8.57,3.54,9.97,15
163,Marshall,33,13,20,0.394,-5.42,-1.39,7,11,8,7,3,9,73.8,76.7,40,26.2,64.2,0.408,8.18,26.4,0.31,13.2,18.6,0.711,12.3,39.5,14.9,6.97,4.36,11.9,16.1
164,Maryland,33,16,17,0.485,10.6,7.44,7,13,11,6,4,8,69,65.9,40.5,23.2,56.2,0.413,6.09,21.1,0.289,16.5,22.9,0.72,11.5,35.7,10.9,6.58,4.52,11.7,17.5
165,Maryland-Baltimore County,32,11,21,0.344,-8.67,-5.93,6,10,6,9,5,12,78.7,80.7,40.2,29.8,64,0.466,7.97,22.3,0.357,11,15.8,0.698,9.5,36.8,13,5.09,3.94,13.1,15.8
166,Maryland-Eastern Shore,29,9,20,0.31,-17.33,-6.33,4,10,9,4,0,15,65.2,70.6,40.5,23,57.4,0.401,5.79,19.7,0.295,13.3,18.6,0.715,10.9,35,10.8,7,2.79,13.8,17.5
167,Massachusetts,31,20,11,0.645,7.59,0.88,11,7,13,3,4,6,77.5,70.7,40.2,27.7,61.4,0.451,6.74,21.5,0.313,15.4,22,0.699,13.4,38.3,15.6,7.61,3,11.1,18.7
168,Massachusetts-Lowell,32,22,10,0.688,-1.28,-6.07,11,5,12,3,10,7,80,70.7,40.3,28.5,60.1,0.475,5.81,17.7,0.329,17.2,23.3,0.736,11.5,40.8,12.7,6.94,4.91,13.3,15
169,McNeese State NCAA,34,30,4,0.882,6.42,-6.81,17,1,18,0,11,3,80,62.2,40,28.6,58.7,0.487,7.56,19.7,0.383,15.2,21.9,0.693,11.2,36.1,14.9,10.3,3.38,9.68,17.3
170,Memphis,32,22,10,0.688,9,4.25,11,7,13,2,7,6,80.5,75.8,40.3,28,61,0.46,8.31,23.7,0.35,16.1,22.2,0.725,12,37,13.7,8.56,4.53,13.1,17.2
171,Mercer,33,16,17,0.485,-4.65,-2.55,8,10,10,6,4,9,71.2,71.8,40,26.7,59.4,0.449,6.36,18.4,0.345,11.5,17.1,0.669,11.2,34.3,13.2,6.94,3.42,11.1,19.1
172,Merrimack,33,21,12,0.636,-5.24,-8.43,13,3,13,2,7,9,69.2,65.4,40.3,24.1,55,0.438,7.3,23.6,0.309,13.7,18.8,0.729,7.88,31.3,12.4,9.85,3.67,13.2,16.1
173,Miami (FL),32,15,17,0.469,9.59,7.46,6,14,11,6,2,9,75.8,73.6,40.2,27.8,61.3,0.454,8.94,24.8,0.361,11.3,15.1,0.745,10.1,36.7,14.2,7.16,3.13,12.1,13.1
174,Miami (OH),32,15,17,0.469,-6.45,-4.08,9,9,9,6,6,10,70.6,70,40.2,24.9,56.3,0.443,8.09,22.4,0.361,12.6,17.9,0.706,8.03,33.2,14.4,6.31,3.09,11.7,17.3
175,Michigan,32,8,24,0.25,5.28,11.34,3,17,5,10,2,10,72.9,79,40.5,25.9,58.4,0.444,7.97,22.2,0.359,13.2,18.7,0.703,10.6,35.4,12.5,4.16,3.56,12.9,17.2
176,Michigan State NCAA,35,20,15,0.571,17.72,10.89,10,10,14,4,3,7,72.9,66.1,40.1,27.1,58.8,0.461,6.49,17.9,0.363,12.2,17.2,0.708,10.1,34.7,15.9,7.09,3.77,10,16.6
177,Middle Tennessee,33,14,19,0.424,-7.45,-0.52,7,9,11,6,1,10,65.7,70.3,40.8,22.5,55.8,0.402,7.3,23.5,0.311,13.5,19.1,0.704,10.4,34.8,9.97,5.3,4.18,14,15.6
178,Milwaukee,35,20,15,0.571,-5.01,-4.47,12,8,12,4,6,9,79.5,78.7,40.7,28,62.8,0.446,7.91,24.6,0.322,15.6,21.4,0.727,13.5,39,14.2,5.94,4.43,12.5,18.1
179,Minnesota,34,19,15,0.559,9.51,6.4,9,11,16,4,3,9,75,71.9,40.1,26.8,56.8,0.472,7.88,22.2,0.355,13.6,19.7,0.69,10.1,34.9,17.3,6.29,4.41,12,16.1
180,Mississippi,32,20,12,0.625,8.3,7.27,7,11,14,4,4,7,74.9,73.9,40,26.2,58.6,0.447,7.53,20.6,0.365,15,20.6,0.728,10.4,33.5,15.1,7.84,5.75,10.8,16.3
181,Mississippi State NCAA,35,21,14,0.6,14.19,9.16,8,10,11,4,2,8,74.1,69.1,40.1,26.2,57.9,0.452,7.17,22.3,0.321,14.5,21.7,0.67,12.5,38.1,14,8.11,3.06,13,16.6
182,Mississippi Valley State,31,1,30,0.032,-26.17,-3.91,1,17,1,8,0,22,55.5,77.7,40.2,19.8,52,0.381,4.61,15.8,0.292,11.3,17.2,0.658,9.61,29.4,8.74,6.61,2.29,16,17.7
183,Missouri,32,8,24,0.25,3.27,7.3,0,18,6,11,2,10,72.2,76.2,40.2,25.2,57.4,0.439,7.28,22.8,0.319,14.4,18.2,0.792,9.16,31,12.2,7.66,4.81,11.6,20.1
184,Missouri State,33,17,16,0.515,0.98,1.01,8,12,9,5,4,10,71.2,71.3,40.6,25.7,58.5,0.439,6.76,21.5,0.314,13.1,18.4,0.711,10.2,39.1,12.1,4.3,4.52,12,15.3
185,Monmouth,33,18,15,0.545,-3.17,-2.98,10,8,13,1,2,13,72.4,72.6,40,26.1,60.5,0.43,7.64,22,0.347,12.7,17.7,0.715,11.2,35.4,13.1,7.15,3.45,10.5,16.9
186,Montana,36,24,12,0.667,-1.41,-4.11,12,6,13,3,8,7,76.9,71.8,40.3,28,57.6,0.485,7.69,21.5,0.358,13.3,16.7,0.792,8.31,34.1,14.9,4.78,2.97,10.3,16.7
187,Montana State NCAA,35,17,18,0.486,-5.34,-4.46,9,9,10,7,4,10,75.3,74.5,40.6,26.9,57.5,0.468,9.11,24.7,0.37,12.4,17,0.728,6.77,30.5,13.2,8.26,2.4,11.7,18.5
188,Morehead State NCAA,35,26,9,0.743,0.51,-5.52,14,4,14,1,9,7,75.3,63.4,40,27,57.7,0.467,9.4,26.1,0.361,11.9,16.9,0.706,11.6,39.2,15,5.89,4.57,11.8,15.8
189,Morgan State,31,11,20,0.355,-16.07,-5.9,7,7,8,5,3,12,72.7,77.5,40.3,27.1,60.1,0.451,4.77,16.3,0.293,13.7,18.1,0.758,10.9,35.5,12.5,6.19,3.58,14.5,19.2
190,Mount St. Mary's,32,13,19,0.406,-6.54,-7.45,9,11,8,5,5,13,72.7,71.8,40.5,27.4,57.9,0.473,6.78,19.2,0.353,11.2,15.4,0.725,9.75,35.2,13.2,6.91,3.91,14.5,15.5
191,Murray State,32,12,20,0.375,0.36,1.59,9,11,8,8,4,9,69.8,69.9,40.2,25.7,57.5,0.446,6.53,20.3,0.321,11.9,17.1,0.697,9.34,32.8,11.5,6,2.75,9.5,15.3
192,Navy,31,13,18,0.419,-11.7,-9.54,8,10,10,5,3,13,66.5,66.7,40.3,23.1,58.4,0.396,5.84,19.5,0.3,14.4,20.4,0.708,12.5,35.6,12.1,6.68,2.03,10.2,18
193,NC State NCAA,41,26,15,0.634,12.81,8.93,9,11,12,5,4,7,75.6,71.8,40.5,27.2,60.6,0.45,6.95,20.2,0.345,14.2,19.4,0.733,10.1,35.3,13.1,7.24,3.61,9.56,16.2
194,Nebraska NCAA,34,23,11,0.676,14.36,7.53,12,8,18,1,3,8,77.7,70.9,40.4,26.8,59.3,0.452,9.38,26.3,0.357,14.7,19.4,0.76,9.59,37.6,15.3,6.29,2.62,11.1,15.9
195,Nevada NCAA,34,26,8,0.765,12.85,4.58,13,5,15,2,8,3,75.9,66.9,40.1,25.9,54.7,0.474,6.68,18.4,0.363,17.4,24.2,0.72,8.88,34.3,15,6.29,3.56,10.1,17.6
196,Nevada-Las Vegas,34,21,13,0.618,8.38,6.25,12,6,13,6,8,4,73.6,68.9,40.6,26.6,57.6,0.462,6.79,20.1,0.337,13.5,18.6,0.724,10.3,34.2,13.2,6.12,4.53,11.1,15.9
197,New Hampshire,31,16,15,0.516,-6.15,-3.61,7,9,9,5,7,10,74.1,74.1,40.2,25.8,62.4,0.414,8.87,27.4,0.324,13.6,18.2,0.745,9.19,37.4,11.8,7.29,2.06,12,15.2
198,New Mexico NCAA,36,26,10,0.722,15.04,5.38,10,8,13,3,5,6,81,70.7,40,29.6,65.1,0.455,6.47,19.8,0.328,15.3,21.6,0.707,12.8,39.7,14.6,8.67,4.94,10,17.6
199,New Mexico State,32,13,19,0.406,-8.62,0.74,7,9,12,3,1,13,67.7,72.4,40.5,24.1,56.9,0.423,6.44,19.6,0.329,13.1,19.3,0.677,8.94,33.7,11.2,6.09,3.06,11.9,19.9
200,New Orleans,33,10,23,0.303,-16.8,-5.9,4,14,7,6,2,15,73.5,79.5,40.2,25.6,61.3,0.418,5.42,17.8,0.304,16.8,23.4,0.72,11.4,34.5,11.8,7.7,3.58,12.3,19.1
201,Niagara,32,16,16,0.5,-8.4,-7.21,11,9,5,9,10,6,72.5,72.1,40.5,25.7,54.7,0.47,6.22,17.2,0.362,14.9,19.8,0.752,7.34,30.5,12.8,5.63,2.19,11.8,15
202,Nicholls State,34,20,14,0.588,-7.14,-5.37,13,5,10,2,8,10,73.9,73.9,41.3,25,56.1,0.445,8.35,22.9,0.365,15.6,21.5,0.725,9.56,35.3,11.4,6.74,4.12,13.2,18.7
203,NJIT,28,7,21,0.25,-14.65,-4.46,3,13,5,8,2,13,67.9,75,40,23.7,60,0.394,7.18,23.8,0.302,13.4,18.9,0.709,11.5,34.7,10.5,7.18,3.29,11.1,19.1
204,Norfolk State,35,24,11,0.686,-5.76,-7.76,11,3,15,0,6,8,74.5,67.5,40.1,25.9,56.5,0.459,6.37,18.7,0.34,16.3,22.5,0.722,11,34.4,12.5,8.8,3.09,12.1,18.6
205,North Alabama,32,15,17,0.469,-7.17,-5,8,8,10,4,5,13,76.5,76.1,40.8,26.8,60.3,0.444,7.69,21.2,0.362,15.2,19.8,0.768,9.91,35.4,11.2,5.34,3.16,10.1,18.4
206,North Carolina A&T,32,7,25,0.219,-16.31,-3.94,5,13,4,7,2,14,65.6,77.9,40,22.7,58.5,0.388,6,20.9,0.287,14.2,19.9,0.713,9.38,31.9,10.2,5.63,3.25,9.38,15.3
207,North Carolina Central,31,18,13,0.581,-7.88,-8.84,9,5,11,2,6,9,76.6,69,40.3,26.5,58.5,0.454,7.52,22,0.342,16,23,0.695,11.3,35.4,12.8,7.65,2.68,12,17.8
208,North Carolina NCAA,37,29,8,0.784,21.36,9.9,17,3,14,1,8,2,81.9,70.5,40.1,28.3,62.8,0.45,8.14,22.7,0.359,17.3,22.8,0.759,12.2,41.1,14.5,5.78,4.08,10.1,16.5
209,North Dakota,32,18,14,0.563,-6.24,-6.1,10,6,9,5,7,8,75.3,71.9,40.2,26.8,60.4,0.444,8.25,25.3,0.326,13.4,18.8,0.713,11.4,36.6,11.6,6.31,3,10.1,15.2
210,North Dakota State,32,15,17,0.469,-7.57,-3.15,8,8,10,4,5,11,74.6,73.9,41.1,27.3,57.3,0.476,7.88,20.8,0.378,12.2,17,0.718,8.47,34.3,11.6,4.34,1.34,11.1,14.6
211,North Florida,32,16,16,0.5,-6.95,-4.84,9,7,11,5,5,11,78,75.8,40.5,26.5,59.9,0.443,12,33.2,0.36,13,16.9,0.766,8.88,33.6,12.4,5.59,3.63,11.3,16.2
212,North Texas,34,19,15,0.559,8.41,4.28,10,8,11,4,6,6,69.2,63.8,40.3,24.3,56.1,0.433,8.35,22.1,0.377,12.3,16.6,0.737,11.5,34.7,11.1,7.09,2.97,11.1,16.8
213,Northeastern,32,12,20,0.375,-6.09,-3.15,7,11,7,5,4,13,69.4,72.3,40,25.3,55.6,0.455,6.38,20.1,0.318,12.4,16.6,0.748,10.2,33.2,13.6,6.25,3.34,12.4,15.2
214,Northern Arizona,33,14,19,0.424,-12.17,-4.17,7,11,7,5,6,12,68.6,76.6,40.3,25,57.1,0.438,6.27,20.1,0.312,12.4,17.8,0.696,8.3,31.3,13.5,5.67,3.09,12.6,18.3
215,Northern Colorado,33,19,14,0.576,-4.44,-5.25,12,6,11,3,7,8,79.3,77,41.2,29.4,60.5,0.485,7.7,22.1,0.348,12.9,17.7,0.729,8.18,35.1,14.6,6.27,2.39,11.2,16.6
216,Northern Illinois,31,11,20,0.355,-9.16,-1.37,5,13,5,9,5,11,73.2,77.4,40.5,25.8,58.1,0.444,7.32,22.5,0.326,14.3,21.2,0.672,10.3,35.8,10.2,5.29,4.94,12.7,17.4
217,Northern Iowa,33,19,14,0.576,3.83,2.86,12,8,11,3,6,8,73.2,71.1,40.3,25.5,56,0.456,7.21,20.9,0.345,14.9,21.1,0.707,8.03,33.8,12.5,6.24,2.58,10.3,16.6
218,Northern Kentucky,33,18,15,0.545,-3.66,-3.73,12,8,12,3,6,11,74.8,73.2,40.6,26.7,58.6,0.456,6.33,19.9,0.319,15.1,20.9,0.719,10.5,34.6,13.8,8.61,2.61,12.3,16.5
219,Northwestern NCAA,34,22,12,0.647,12.77,8.5,12,8,15,2,4,7,73.3,69.1,40.7,26.2,57.6,0.455,8.18,21,0.39,12.7,16.9,0.752,8.53,31.4,15.6,7.03,3.12,8.82,17.6
220,Northwestern State,32,9,23,0.281,-14.42,-6.32,7,11,6,7,3,13,70.5,75.9,40.6,25.3,58.5,0.432,6.38,20.1,0.317,13.7,20.7,0.659,11.4,34.6,11.5,6.97,3.28,13.3,18.7
221,Notre Dame,33,13,20,0.394,4.94,8.06,7,13,9,8,2,10,64,67.2,40.5,22.5,55.3,0.407,7.61,23.9,0.318,11.5,15.4,0.744,9.82,35.9,10.2,5.73,2.42,12.5,15.1
222,Oakland NCAA,36,24,12,0.667,2.02,-1.24,15,5,10,3,9,7,76.4,73.2,40.7,26.8,60.2,0.446,8.83,24.9,0.355,13.9,18.5,0.751,10.6,35.9,14.5,6.58,2.78,11,15.1
223,Ohio,33,20,13,0.606,0.48,-4.58,13,5,12,3,5,7,77.3,70,40.5,27.3,60.2,0.453,8.91,25.1,0.356,13.8,18.9,0.73,10.1,34.9,14.1,7.12,3.58,9.73,17
224,Ohio State,36,22,14,0.611,13.64,8.37,9,11,15,5,2,8,75.5,70.2,40.4,26.6,59.1,0.45,7.06,20.4,0.345,15.3,19.9,0.767,10.9,37.1,14.1,5.58,4.61,10.6,17
225,Oklahoma,32,20,12,0.625,14.66,8.07,8,10,14,4,3,6,75.4,68.8,40.3,26.1,56.2,0.465,7.47,21.6,0.345,15.7,21.2,0.743,9.69,35.2,13.3,5.91,3.25,12.5,16.1
226,Oklahoma State,32,12,20,0.375,6.25,7.97,4,14,10,8,1,9,71,72.7,40.5,24.8,56.2,0.441,8.13,24.3,0.334,13.3,19.1,0.697,9.19,33.7,13.4,6.25,2.88,12.9,16
227,Old Dominion,32,7,25,0.219,-8.35,-1.58,3,15,5,10,1,12,70.9,77,40.3,26.3,62.5,0.42,6.91,21.7,0.318,11.4,17.2,0.662,10,35.4,10.3,7.84,3.84,10.9,18.2
228,Omaha,33,15,18,0.455,-7.38,-5.07,7,9,11,3,2,13,74,72.8,40.3,25.6,56.8,0.451,6.24,19.1,0.326,16.5,22.2,0.743,8.55,33.7,10.2,6.06,2.21,9.88,16.7
229,Oral Roberts,31,12,19,0.387,-7.43,-2.6,5,11,9,5,2,13,73.4,75.3,40.3,26.2,59.5,0.44,9.19,25.5,0.361,11.8,15.9,0.742,7.58,33,11,5.65,3.42,9.68,17.2
230,Oregon NCAA,36,24,12,0.667,12.22,8.91,12,8,13,3,6,5,75.6,72.3,40.4,27.3,59.6,0.458,7.31,21.6,0.338,13.7,19.1,0.719,9.92,34.4,13.8,7.17,3.64,10.2,16.4
231,Oregon State,32,13,19,0.406,3.28,8.38,5,15,12,6,1,9,68.9,72.7,40.9,24.1,54.5,0.442,6.13,18.7,0.328,14.5,19.7,0.737,8.59,32.5,11.1,6,3.72,12.3,18.5
232,Pacific,32,6,26,0.188,-17.42,-0.15,0,16,5,12,1,13,64.7,79.8,40.3,22.7,55.1,0.411,6.34,20.1,0.316,13.1,20.3,0.643,6.53,27.3,13.2,6.09,2,11.8,17.2
233,Penn State,33,16,17,0.485,9.22,7.52,9,11,13,4,2,8,75.1,73.4,40.3,25.9,59.1,0.438,7.73,23.2,0.334,15.6,20.9,0.747,9.58,32.3,12.6,8.33,3.39,11.1,18.3
234,Pennsylvania,29,11,18,0.379,-3.33,0.26,3,11,9,6,2,10,74.4,74.4,40.7,26.9,59.3,0.454,9.48,25.9,0.367,11.1,16.1,0.688,10.4,35.9,14.8,5.97,2.31,11.1,14.9
235,Pepperdine,33,13,20,0.394,-2.14,0.7,5,11,9,8,3,8,72.8,74,40,26.3,58.3,0.451,6.82,18.9,0.361,13.4,19,0.704,10.1,33.8,13.3,5.12,2.73,11.2,16.3
236,Pittsburgh,33,22,11,0.667,14.89,6.92,12,8,13,5,7,4,75.6,67.6,40,26.5,60.6,0.437,9.61,26.9,0.357,13.1,18.5,0.708,11.4,37.1,13.7,6.3,4.45,9,15.5
237,Portland,33,12,21,0.364,-8.2,1.54,5,11,9,6,2,11,71.5,79.5,40.2,25,57.3,0.437,8.85,25.5,0.347,12.6,17.6,0.716,8.36,33.7,13.5,4.12,2.18,11.9,14.8
238,Portland State,32,17,15,0.531,-7.15,-4.94,8,10,11,2,5,11,71.9,71.8,40.3,25.3,60.9,0.415,7.41,22.8,0.325,14,20.4,0.686,11.7,36.9,11.8,7.06,3.34,11.3,18.1
239,Prairie View,31,10,21,0.323,-15.41,-6.92,5,13,5,6,4,15,70.2,76.4,40,24.8,59.1,0.421,4.81,15.8,0.305,15.7,21.8,0.721,9.77,30.7,12,9.13,2.81,12.8,20.2
240,Presbyterian,33,14,19,0.424,-8.13,-5.57,6,10,8,7,5,9,74.8,73.1,40.3,27.2,57.6,0.472,6.36,19.1,0.334,14.1,21.2,0.663,9.45,33.3,12.9,7.03,3.21,11.4,18.5
241,Princeton,29,24,5,0.828,6.55,-1.6,12,2,12,1,11,3,77.1,66.6,40,26.8,58.4,0.458,10.5,29.4,0.356,13,16.1,0.806,8.41,33.3,14.6,5.97,1.9,8.17,13.5
242,Providence,35,21,14,0.6,12.56,8.93,10,10,14,5,4,7,72.4,68.8,40.4,25.5,57.5,0.443,8.29,25.5,0.325,13.2,18.3,0.722,9.17,35.9,13.6,6.43,4.6,12.1,15.8
243,Purdue Fort Wayne,36,23,13,0.639,-0.74,-6.09,11,9,11,5,10,8,80.2,71.6,40.3,29,62,0.468,9.44,26.2,0.361,12.8,18.2,0.703,8.39,32.6,13.6,9.22,3.08,10.4,17
244,Purdue NCAA,39,34,5,0.872,24.93,11.6,17,3,16,0,7,3,82.3,69,40.4,28.4,58.3,0.488,8.15,20.2,0.404,17.3,24.1,0.72,12.2,40.4,18.5,5.44,3.64,11.3,13.7
245,Queens (NC),33,14,19,0.424,-8.75,-3.49,7,9,11,3,2,16,80.1,81.6,40,28.1,63.5,0.443,8.91,26.2,0.34,14.9,21,0.71,11.3,37,13.2,6.97,2.76,11.4,17.4
246,Quinnipiac,34,24,10,0.706,-3.08,-7.32,15,5,13,3,10,5,77.4,71.2,40.1,27.6,61.4,0.449,7.47,21.3,0.351,14.7,19,0.775,10.9,36.9,14.1,7.65,3.68,12.4,16.2
247,Radford,33,16,17,0.485,-5.66,-3.47,5,11,8,5,4,12,72,71.5,40.5,26.4,57.8,0.457,7.21,19.8,0.363,12,16.3,0.739,10.3,34.6,11.1,5.55,3.52,10.8,17
248,Rhode Island,32,12,20,0.375,-2.26,2.87,6,12,9,8,3,8,72.6,76.3,40,25.8,56.3,0.459,6.53,18.7,0.349,14.4,22.3,0.647,10.4,36.8,12.8,4.72,3.09,12.6,16.9
249,Rice,32,11,21,0.344,-3.22,1.97,5,13,6,10,5,7,72,75.7,40.5,26,58.8,0.443,7.84,23.3,0.337,12.1,17.4,0.695,10.3,35.4,14.4,5.56,3.66,11.6,14.5
250,Richmond,33,23,10,0.697,7.67,2.09,15,3,15,1,7,6,71.9,66.3,40.2,26.5,57.2,0.463,7.33,20.2,0.362,11.6,15.8,0.732,5.7,32.8,13.2,6.67,2.94,8.64,14.2
251,Rider,32,15,17,0.469,-5.73,-4.28,12,8,9,4,6,12,72.2,72.1,40.5,26.1,60,0.435,5.69,16.9,0.337,14.2,19,0.748,11.3,37.6,13.3,6.56,3.88,12.4,17.5
252,Robert Morris,32,10,22,0.313,-9.57,-4.31,6,14,7,9,3,13,72.7,75.8,40.6,26,60.2,0.432,8.53,25.4,0.336,12.1,16.9,0.717,12.2,36.2,13.5,4.91,2.88,13.8,17.6
253,Rutgers,32,15,17,0.469,7.41,8.57,7,13,12,5,3,9,65.4,66.5,40.2,23.4,60.2,0.389,5.47,19.1,0.287,13,19.8,0.658,12.3,37.1,11.8,7.72,5.22,11.4,16.9
254,Sacramento State,34,10,24,0.294,-10.87,-3.71,4,14,6,8,2,13,67.1,70.4,40,23.5,54.6,0.43,7.59,22.9,0.331,12.6,17.6,0.716,11.7,35.6,13.1,5.24,2.74,14.6,17
255,Sacred Heart,32,16,16,0.5,-9.91,-9.45,10,6,11,5,4,11,74.1,72.3,40,27,59.3,0.455,7.41,20.3,0.365,12.7,18.3,0.695,9.38,33.7,13.8,8.72,5.03,11.7,16.9
256,Saint Francis (PA),30,8,22,0.267,-18.6,-8.14,3,13,6,8,2,14,65.2,72.7,40.2,23.8,56.1,0.424,6.43,19.2,0.335,11.2,18.4,0.61,11.9,34.6,12.2,5.93,3.57,13.7,17.7
257,Saint Joseph's,35,21,14,0.6,6.59,1.67,9,9,14,3,3,10,75.5,70.5,40.3,26.5,59.5,0.445,10,28.5,0.352,12.4,17.1,0.726,10.1,35.8,14.7,7.06,3.8,11.5,15.3
258,Saint Louis,33,13,20,0.394,-1.57,4.15,5,13,8,8,3,9,74.9,79.4,40,25.6,56.8,0.451,7.85,21.4,0.367,15.9,21.2,0.75,8.7,33.5,12.9,6.06,3.06,11.8,18.1
259,Saint Mary's (CA) NCAA,34,26,8,0.765,16.31,3.46,15,1,14,4,9,0,74,59.2,40.3,27.5,59,0.466,7.59,21.6,0.352,11.4,16.8,0.676,13.2,39.6,16.2,6.56,3.82,10.2,16.4
260,Saint Peter's NCAA,33,19,14,0.576,-4.58,-5.33,12,8,8,5,8,8,64.8,64,40.2,21.8,55.5,0.393,5.82,17.9,0.325,15.4,21.6,0.712,12.5,35.2,10.6,7.12,4.15,12.5,19.4
261,Sam Houston,33,21,12,0.636,-0.37,-1.72,13,3,12,2,7,9,72.2,69.2,40.3,25.1,59,0.425,7.42,21.1,0.352,14.5,20.1,0.724,11.9,38,12.9,6.85,2.27,13.2,18.1
262,Samford NCAA,35,29,6,0.829,6.32,-3.23,15,3,18,0,8,5,86.1,74.5,40,30.1,61.5,0.49,10,25.4,0.395,15.8,21.9,0.723,10.6,35.8,17.7,9.91,3.74,13,19.1
263,San Diego,33,18,15,0.545,-5.31,0.33,7,9,12,6,4,7,72.5,77.3,40,25.7,59.9,0.429,7.06,20.5,0.344,14,19.2,0.728,10,34.2,13.1,7.24,3.82,13.2,19
264,San Diego State NCAA,37,26,11,0.703,14.68,8.37,11,7,14,1,6,8,74.1,66.7,40.7,25.8,58.6,0.44,7,22.2,0.315,15.5,21.2,0.733,11.7,37.8,13,7.43,4.03,11.2,17.5
265,San Francisco,34,23,11,0.676,9.68,0.23,11,5,14,2,6,6,77.7,66.5,40.3,29.3,60.1,0.487,8.62,24.3,0.355,10.6,14,0.755,9.41,34.1,16.3,8.21,3.44,11.5,18.3
266,San Jose State,32,9,23,0.281,-3.82,3.28,2,16,6,9,1,12,69.6,75.1,40.3,26,58,0.448,8.34,24.3,0.343,9.28,13.2,0.702,7.88,30.8,13.5,5.16,3.31,10.5,17.1
267,Santa Clara,33,20,13,0.606,5.39,1.73,10,6,11,4,5,6,76.9,72.2,40.2,27.6,60.1,0.46,8.21,23.2,0.354,13.4,18.8,0.715,12,39.3,15.1,4.79,2.7,12.8,17.7
268,Seattle,37,23,14,0.622,4.03,-1.64,11,9,14,4,4,9,73.8,66.8,40.8,25.8,57.9,0.446,7.59,21.9,0.346,14.5,19.7,0.736,10.1,37,13,5.81,2.86,12.7,18.5
269,Seton Hall,37,25,12,0.676,12.67,8.8,13,7,17,3,5,7,73.8,69.9,40.5,26.7,59,0.452,6.19,18.4,0.336,14.2,18.2,0.782,12,37.3,13,7.57,4.84,12.6,15.2
270,Siena,32,4,28,0.125,-19.2,-5.2,3,17,2,12,2,13,60.4,74.4,40,21.9,54.9,0.399,5.28,18.8,0.28,11.3,16.9,0.667,11.7,35.4,10.7,5.13,4.06,15.8,15.3
271,SIU Edwardsville,33,17,16,0.515,-9.08,-7.54,9,9,12,2,2,13,71.5,70.1,40,25.2,59.5,0.423,7.24,21.8,0.332,13.8,19.1,0.724,11.4,35.6,11.3,6.85,4.15,10.7,16.7
272,South Alabama,32,16,16,0.5,-5.92,-3.37,8,10,11,6,5,9,74,75.7,40.6,26.1,58.9,0.443,7.47,21.6,0.345,14.3,19.1,0.75,7.94,33,10.7,6.75,2.75,11.3,16.6
273,South Carolina NCAA,34,26,8,0.765,10.98,6.48,13,5,14,3,8,3,72.1,67.6,40.3,25.4,57.9,0.439,8.06,23.8,0.339,13.1,18.4,0.711,11.4,35.6,15.4,4.76,3.18,10.1,16.2
274,South Carolina State,32,14,18,0.438,-11.85,-6.18,9,5,9,4,5,13,70.2,74.7,40.3,24.5,59.8,0.41,6.25,19.4,0.323,14.9,21.6,0.689,14.9,37.6,13.6,8.34,3.47,15.2,20.8
275,South Carolina Upstate,30,10,20,0.333,-9.36,-3.02,5,11,6,7,4,12,71,72.9,40.5,26,58.4,0.445,7.67,23,0.333,11.3,17.7,0.642,8.73,31.7,12.5,7.23,3.2,11.5,19.6
276,South Dakota,32,12,20,0.375,-12.55,-5.41,5,11,9,6,2,12,76.1,79.2,40.6,27.3,59.9,0.457,7.84,20.9,0.375,13.5,18.2,0.743,10.4,37.4,12.2,3.59,1.75,12.8,16
277,South Dakota State NCAA,35,22,13,0.629,0.52,-2.7,12,4,11,3,6,5,76.4,71.1,40.3,27.9,58,0.482,8.57,23.5,0.365,12,16.9,0.71,8.26,35.4,12.9,6.09,3.2,11.3,14.3
278,South Florida,33,25,8,0.758,7.37,0.97,16,2,15,3,8,4,75.7,69.3,40,25.4,57.6,0.441,8.94,24.4,0.367,16.1,21.8,0.737,9.94,36,14.9,6.94,3.39,10.8,17.2
279,Southeast Missouri State,31,9,22,0.29,-18.25,-6.55,4,14,8,7,1,14,67,73.5,40.2,24.6,59.6,0.413,6.19,20.4,0.304,11.5,16.5,0.699,9,31.7,12.4,5.74,2.52,12,19.5
280,Southeastern Louisiana,32,15,17,0.469,-11.31,-6.14,10,8,9,4,6,10,69,71,40.3,23.9,55.3,0.432,7.34,21.2,0.347,13.9,19.2,0.728,10.7,35,14.5,6.94,2.28,13.8,16.3
281,Southern,32,18,14,0.563,-8.74,-6.09,12,6,11,2,7,11,71.1,68.7,40.3,25.2,57.2,0.441,6.91,21.4,0.323,13.8,20.4,0.674,9.75,31.9,13.8,9.09,3.28,14.3,19.7
282,Southern California,33,15,18,0.455,9.36,9.54,8,12,9,6,3,9,74.1,74.3,40.6,26.4,58.5,0.451,7.64,21.5,0.355,13.6,19.7,0.693,10,34,15.6,7.48,5.21,12.7,17
283,Southern Illinois,32,19,13,0.594,4.1,0.52,11,9,13,5,5,6,72.7,68.2,40.6,24.7,54.6,0.453,8.25,23.8,0.347,15,19.7,0.762,8.44,33,14.3,5.47,3.06,11.1,18.1
284,Southern Indiana,32,8,24,0.25,-13.63,-5.59,5,13,5,10,3,13,68.6,73,40.2,23,56.6,0.407,6.72,20.8,0.324,15.8,21.2,0.745,9.97,35.6,11.3,6.38,2.94,13.2,21
285,Southern Methodist,33,20,13,0.606,10.22,2.56,11,7,14,3,5,8,76.8,68.8,40.2,28.3,63.3,0.447,7.61,22.3,0.341,12.6,18.4,0.686,14.5,39.8,15.7,8.39,4.82,11.3,17.1
286,Southern Mississippi,32,16,16,0.5,-5.93,-2.93,9,9,11,3,5,9,69.9,71,40,24.2,57.1,0.424,6.28,19.2,0.327,15.2,21.7,0.7,10.7,36.8,11.8,7.16,4.81,12.8,17.2
287,Southern Utah,31,10,21,0.323,-5.72,-1.17,5,15,6,8,3,13,75,77.6,40.2,26.5,60,0.441,6.29,20.9,0.3,15.8,21.7,0.728,10.4,33.8,12.1,6.52,2.97,12,17.7
288,St. Bonaventure,33,20,13,0.606,6.77,1.95,9,9,11,4,5,6,73.5,68.6,40.5,25.8,56.7,0.456,7.61,20.8,0.365,14.2,18.3,0.774,9.7,32.9,12.5,6.61,3.88,10.8,16.8
289,St. John's (NY),33,20,13,0.606,16.49,9.58,11,9,13,5,5,6,78.8,71.9,40,29.4,64.8,0.453,7.18,21.1,0.341,12.9,17.7,0.728,14.4,38.8,15.7,7.03,5.45,10.9,18
290,St. Thomas,33,20,13,0.606,-0.92,-5.72,9,7,12,2,6,9,72.8,64.8,40.2,26,55.3,0.471,9.06,25.1,0.361,11.7,16,0.729,7.73,31.1,13.7,6.18,2.15,9.18,15.8
291,Stanford,32,14,18,0.438,7.35,7.48,8,12,10,6,3,8,76.3,76.5,40.6,27.6,58.9,0.468,8.94,24.2,0.37,12.3,16.9,0.728,7.75,34.3,16.1,5.5,3.09,12.8,15.3
292,Stephen F. Austin,33,18,15,0.545,-0.95,-1.76,10,10,10,5,5,8,74.6,71.3,40.8,25.7,57.3,0.449,6.15,18.4,0.334,17,24.1,0.706,11.9,35.9,12.8,8.94,2.82,16.1,21.1
293,Stetson NCAA,35,22,13,0.629,-5.09,-3.24,11,5,14,2,6,10,76.8,73.3,40.1,27.1,58.7,0.463,8.94,24.5,0.365,13.5,17.7,0.766,9.69,34.7,13.3,5.34,3.09,10.5,14.7
294,Stonehill,31,4,27,0.129,-20.1,-6.1,2,14,4,8,0,19,63.5,76.1,40.2,23,57.7,0.399,8.16,26.9,0.303,9.23,13.4,0.689,8.29,32.9,11.8,6.39,2.48,13.6,15.4
295,Stony Brook,35,20,15,0.571,-2.59,-2.62,10,8,13,3,4,11,73.5,72.3,40.9,26.3,60,0.438,7.91,22.1,0.357,13,17.5,0.739,9.6,36.6,12.1,6.03,3.23,10.3,15.2
296,Syracuse,32,20,12,0.625,8.53,9.4,11,9,14,2,4,7,76.3,75.6,40,27.6,59.8,0.461,6.84,20.3,0.336,14.3,19.8,0.721,8.66,33.3,13.8,9.06,4.03,11.4,15.4
297,Tarleton State,35,25,10,0.714,1.4,-0.97,16,4,13,4,10,5,74.1,68.6,40.1,27.2,59.7,0.455,5.8,17.8,0.326,13.9,18.4,0.757,10.8,34.1,13.8,8.8,3.54,11.3,17.3
298,TCU NCAA,34,21,13,0.618,14.62,7.32,9,9,12,4,6,5,79,71.7,40.6,28.4,61.4,0.461,6.59,18.6,0.354,15.7,21.5,0.731,12.7,37.1,16.9,8.97,3.76,12.9,17.4
299,Temple,36,16,20,0.444,-1.26,1.68,5,13,5,9,5,7,70.9,72.9,40.8,24.3,61.5,0.396,8.22,25.9,0.318,14,19.7,0.709,11.3,36.2,11.2,7.36,2.92,9.92,16.9
300,Tennessee NCAA,36,27,9,0.75,21.81,10.42,14,4,14,2,8,3,78.8,67.4,40,27.2,61.8,0.44,8.75,25.4,0.344,15.6,20.8,0.751,11.6,38.7,16.7,7.78,4.61,10.2,17.5
301,Tennessee State,33,18,15,0.545,-9.64,-7.64,10,8,11,3,5,10,72.7,71,40.2,25.2,57,0.442,6.58,20.2,0.325,15.7,20.8,0.755,9.91,34.7,12,6.67,3.52,13.2,19.5
302,Tennessee Tech,31,10,21,0.323,-15.04,-6.29,5,13,7,8,3,13,67.4,73.8,40.3,24.5,54.6,0.448,6.52,19.6,0.332,12,16.8,0.711,6.16,30.9,12.2,5.03,2.9,11.9,13.6
303,Tennessee-Martin,32,21,11,0.656,-5.57,-7.25,14,4,12,2,9,7,81.5,76.7,40.3,28.4,63.9,0.444,8.72,24.3,0.358,16.1,20.8,0.771,10.2,41.2,13,6.22,2.78,11.4,14.2
304,Texas A&M NCAA,36,21,15,0.583,13.35,9.32,9,9,10,5,6,6,76,72,40.3,25.7,64,0.402,7.08,24.1,0.293,17.5,24.7,0.707,17.4,42.8,11.4,6.94,3,9.61,17
305,Texas A&M-Corpus Christi,33,21,12,0.636,-4.45,-7.24,14,4,13,2,8,7,75.2,66.7,40.5,26.9,62,0.435,5.55,18.7,0.297,15.7,22.4,0.703,13.3,40.2,14.7,8.82,2.91,12.1,20.9
306,Texas NCAA,34,21,13,0.618,15.91,9.41,9,9,14,4,4,6,75.4,68.9,40.1,27.4,58.5,0.469,7.21,20.3,0.355,13.4,17.6,0.757,9.97,34.7,15.1,7.18,4.38,11.6,17.3
307,Texas Southern,33,16,17,0.485,-9.09,-7.03,12,6,7,4,6,11,70.2,71.1,40.2,24.9,60,0.415,7.33,23.2,0.316,13.1,18.1,0.724,11.1,35.3,11.6,6.91,3.76,12.6,18.5
308,Texas State,35,17,18,0.486,-3.71,-0.74,7,11,9,4,5,11,69.9,70.1,40.3,25.2,56.8,0.444,4.54,13.9,0.326,14.9,21.3,0.696,11.1,35.5,11.8,7.37,3.37,13.4,17.6
309,Texas Tech NCAA,34,23,11,0.676,14.96,9.28,11,7,15,2,4,6,75.3,69.6,40.1,25.8,57.1,0.451,8.5,23.6,0.359,15.2,19.5,0.78,9.94,34.9,14.7,6,2.53,11.1,14.9
310,Texas-Rio Grande Valley,31,6,25,0.194,-13.39,-0.9,2,18,5,9,1,14,70.4,79.8,40.3,24.3,58.1,0.419,5.16,17.6,0.293,16.5,23.5,0.705,9.35,33.5,12.9,8.1,2.97,14,18.2
311,The Citadel,32,11,21,0.344,-6.53,-2.91,3,15,7,7,2,13,70.6,71.5,40.2,25.6,55.7,0.46,6.16,18.8,0.328,13.3,18.8,0.706,9.38,34.2,11.2,5.59,2.63,12,14
312,Toledo,32,20,12,0.625,1.78,-2.09,14,4,12,3,8,5,80,76.1,40.3,28.8,60.2,0.478,6.47,17.2,0.376,16,21.3,0.754,9.94,33.8,13.4,7.28,2,10.7,15.6
313,Towson,34,20,14,0.588,0.19,-2.27,11,7,12,2,6,6,67.5,63.6,40.4,24.1,56.9,0.423,6.35,19.4,0.328,13.1,19.8,0.661,14.4,39.3,11.2,6.18,4.18,12.1,16.6
314,Troy,32,20,12,0.625,1.24,-3.17,13,5,15,2,5,9,79.6,70.7,40.6,26.8,60.9,0.441,8.63,24.6,0.351,17.3,23.5,0.733,13.3,38.4,13.7,10.3,3.28,13.8,19.1
315,Tulane,31,14,17,0.452,3.65,2.68,5,13,11,6,2,8,81.9,80,40.6,27.6,58,0.476,7.52,21.1,0.357,19.2,26.2,0.732,7,33.2,14.2,7.84,4.39,11.2,17.1
316,Tulsa,31,16,15,0.516,-1.2,-1,7,11,14,4,2,9,75,73.9,40.5,25.1,57.3,0.439,7.71,23.6,0.327,17,23.1,0.736,8.71,35.2,12.6,7.84,3.39,13,17.5
317,UAB NCAA,35,23,12,0.657,5.14,3.73,12,6,12,5,7,5,77.5,75.1,40.6,26.8,59.6,0.449,6.14,18.8,0.327,17.8,23.8,0.746,12.9,38,13.5,6.74,4.54,11.6,15.9
318,UC Davis,33,20,13,0.606,-1.33,-2.85,14,6,10,6,8,6,71.2,68.1,40.3,24.2,54.8,0.442,6.97,20.7,0.336,15.8,21.2,0.748,9.91,33.4,12.5,7.79,3.52,13.5,19.2
319,UC Irvine,34,24,10,0.706,6.89,-0.93,17,3,13,0,8,9,77.6,68.3,40.3,28.4,59.9,0.475,5.79,16.6,0.349,14.9,19.9,0.753,10.6,37.9,15.6,6.44,3.32,11.6,18.4
320,UC Riverside,34,16,18,0.471,-4.26,-1.23,10,10,10,5,4,12,70.7,72,40.2,24.8,62.4,0.397,8.44,26.6,0.317,12.7,17.8,0.717,12.4,36.9,13.1,5.62,1.41,9.59,17.2
321,UC San Diego,33,21,12,0.636,2.04,-2.8,15,5,14,2,7,8,76.7,69.4,40.5,26.8,58.6,0.457,8.88,24.8,0.358,14.2,18.9,0.752,9.61,34.8,13,6.21,2.76,9.7,16.1
322,UC Santa Barbara,31,16,15,0.516,-3.19,-3.01,9,11,9,7,6,7,75.4,73.5,40.3,26.6,54.3,0.49,6.03,16.7,0.36,16.1,21.8,0.736,8.13,34.9,13.5,4.9,3.19,13.1,16.5
323,UCF,33,17,16,0.515,11.92,8.17,7,11,11,8,3,7,71.7,67.9,40.2,24.8,58.9,0.42,6.82,21.2,0.322,15.4,21.9,0.701,12.4,37.7,11.4,8.7,5,12.5,18.2
324,UCLA,33,16,17,0.485,7.5,7.84,10,10,9,7,5,6,66,65.5,40,23.1,55.2,0.419,5.55,16.7,0.332,14.2,19.5,0.73,10.3,33.8,11.2,5.82,3.3,10.8,18.5
325,UNC Asheville,34,22,12,0.647,-1.92,-2.99,12,4,12,2,5,7,78.9,73.1,40.4,26.6,57.4,0.465,8.15,22.3,0.365,17.4,23.5,0.742,9.38,34.8,15.7,5.97,4.29,11.9,17.1
326,UNC Greensboro,32,21,11,0.656,-0.27,-2.9,12,6,11,3,7,7,75.7,69.8,40.3,27,58.7,0.461,10.1,25.4,0.397,11.6,15.8,0.73,9.97,35.4,14.8,6.97,2.53,10.9,17.2
327,UNC Wilmington,31,21,10,0.677,1.21,-2.9,12,6,10,2,10,6,79.4,71,40.6,27.8,60.4,0.461,8.32,23.9,0.348,15.4,20.3,0.76,10.6,34.4,12.2,6.52,2.42,8.58,17
328,UT Arlington,34,20,14,0.588,2.38,0.69,13,7,12,3,5,10,76.9,73.3,40.1,25.9,58.3,0.444,8.97,25.3,0.354,16.1,22,0.735,11.9,37.5,15.8,7.09,3.82,15.5,20.8
329,Utah,37,22,15,0.595,15,9.41,9,11,17,2,2,9,78.8,73.2,40.4,29.2,62.4,0.469,9.32,25.2,0.37,11,16.9,0.65,10,38.9,17.7,5.86,4.16,11.5,15.9
330,Utah State NCAA,35,28,7,0.8,11.56,5.29,14,4,14,1,8,4,79.7,71.3,40.6,28.5,58.2,0.491,6.46,19.4,0.333,16.1,22.4,0.72,9.49,35.8,16.3,6.8,4.23,11,17
331,Utah Tech,31,11,20,0.355,-8.08,-1.18,7,13,6,7,5,13,70.8,77.1,40.3,24.9,55.6,0.447,6.48,19.2,0.337,14.5,22.5,0.645,9.9,34.5,12.9,6.61,4.29,16,20.9
332,Utah Valley,32,16,16,0.5,-1.33,-0.03,11,9,10,4,5,10,68.7,68.6,40.3,25,57.8,0.433,4.81,16.9,0.285,13.8,20.5,0.676,10.5,36.8,14.9,6.94,4.47,12.3,18.1
333,UTEP,34,18,16,0.529,-1.49,-1.3,7,9,13,5,2,9,72.6,69.1,40.3,25.3,56.5,0.447,5.71,17.9,0.319,16.4,23.8,0.69,10.6,33.1,12.9,11.4,2.85,14.7,19.9
334,UTSA,32,11,21,0.344,-5.26,-0.71,5,13,7,9,4,11,77.6,81,40.6,26.2,63.8,0.41,9.72,28.8,0.337,15.6,21.9,0.71,13.1,40.3,13.9,5.03,4.16,11.3,17.9
335,Valparaiso,32,7,25,0.219,-8.25,1.17,3,17,6,11,1,13,67.6,75.5,40,24.9,61.3,0.406,7.31,22.5,0.325,10.5,14.7,0.715,10,33.3,12,6.16,3.53,11,16.3
336,Vanderbilt,32,9,23,0.281,0.19,8.16,4,14,8,10,1,9,67.9,75.9,40.2,23.4,58.7,0.399,6.53,23.1,0.283,14.6,20.6,0.709,10.8,34.4,9.38,6.13,2.88,10.4,15.3
337,Vermont NCAA,35,28,7,0.8,2.78,-3.31,15,1,16,1,10,4,71.6,63,40.1,25.7,56.6,0.455,8.57,25.1,0.342,11.6,16.2,0.716,7.66,34.6,13.7,5.89,3.89,9.2,13.9
338,Villanova,34,18,16,0.529,14.44,9.82,10,10,10,6,4,8,70.2,65.6,40.9,24.3,57.2,0.425,9.26,27.4,0.338,12.4,15.3,0.808,8.47,34.8,12.9,5.79,2.38,9.62,15.3
339,Virginia Commonwealth,38,24,14,0.632,8.7,4.41,11,7,13,6,7,5,71,66.7,40.3,23.8,54.2,0.44,8.47,24,0.353,14.8,19,0.781,9.03,35.2,13.6,6.47,4.39,12.2,16.4
340,Virginia NCAA,34,23,11,0.676,10.45,7.31,13,7,15,2,5,6,62.9,59.8,40.4,23.8,55.5,0.428,6.47,18.1,0.358,8.94,14,0.637,8.76,32.6,15,7.03,4.97,8.06,13.5
341,Virginia Tech,34,19,15,0.559,11.91,7.97,10,10,15,2,2,10,74.9,71,40,26.1,56,0.465,8.12,23.3,0.348,14.7,18.5,0.793,7.74,32.4,15.1,5.29,2.44,11.1,15.9
342,VMI,32,4,28,0.125,-20.65,-2.44,1,17,4,10,0,15,68.9,82.6,40.2,25.6,60.5,0.423,6.56,21,0.312,11.2,16.2,0.692,9.34,36.6,10.5,5.59,2.56,15.8,16.8
343,Wagner NCAA,33,17,16,0.515,-10.64,-8.58,7,9,7,5,9,10,63.7,63.1,40.5,23,58,0.396,7.21,22,0.327,10.6,15,0.704,11.2,35.8,12.8,5.91,2.3,9.88,15.4
344,Wake Forest,35,21,14,0.6,14.94,7.52,11,9,17,2,2,9,78.1,70.7,40.3,27.7,58.3,0.474,7.94,21.8,0.364,14.8,18.7,0.795,8.46,34.2,12.3,5.91,4.14,10.7,15.5
345,Washington,32,17,15,0.531,11.85,8.38,9,11,11,6,5,6,80.6,77.1,40.8,29.1,61.9,0.47,8.06,22.8,0.354,14.3,19.9,0.722,9.41,36,15.1,5.75,3.69,11.7,18.3
346,Washington State NCAA,35,25,10,0.714,14.02,7.19,14,6,15,2,6,4,73.5,66.7,40.3,27.1,58.5,0.463,6.37,18.8,0.339,13,18.5,0.704,11.2,37.6,12.4,5.17,4.91,10.9,16.6
347,Weber State,32,20,12,0.625,-0.49,-4.15,11,7,12,2,7,7,75.4,67.5,40.3,26.3,56.2,0.469,7.84,22.5,0.348,14.9,19.9,0.749,7.75,32,12.2,6.91,1.66,9.88,15.5
348,West Virginia,32,9,23,0.281,3.73,10.76,4,14,9,9,0,9,69.8,76.8,40.3,24,55.8,0.43,7.28,20.8,0.349,14.6,20.7,0.705,9.16,33.8,13,4.34,3.56,12.7,15.2
349,Western Carolina,32,22,10,0.688,1.96,-3.35,11,7,12,3,10,6,76.8,68.7,40.5,28.2,61.3,0.46,8.16,22.3,0.366,12.3,17.3,0.712,10.5,39.7,11.5,4.41,3.22,10.3,16.8
350,Western Illinois,33,21,12,0.636,-8.75,-7.37,13,5,10,5,10,6,68.8,65.7,40.3,25,58.7,0.427,5.91,18.5,0.319,12.9,20.9,0.615,14.6,42.3,12.8,5.24,5.61,13.2,14.2
351,Western Kentucky NCAA,34,22,12,0.647,1.19,-2.91,8,8,12,2,6,7,80.2,74.4,40,29.3,62.9,0.466,6.85,20.2,0.34,14.8,20.6,0.72,10.6,39.9,13.4,7.65,3.24,13.8,18.4
352,Western Michigan,32,12,20,0.375,-9.3,-3.79,9,9,7,7,3,12,71.3,74.9,40.5,25.9,59.8,0.433,7.91,23.3,0.339,11.6,18.6,0.625,12.6,37.9,13.1,5.28,2.72,13.4,17.2
353,Wichita State,34,15,19,0.441,2.02,3.2,5,13,10,5,2,10,72.8,73.1,40.3,27.5,61.5,0.447,6.47,19.4,0.333,11.3,16.2,0.697,11.6,39.4,12.1,6.26,4.18,12.3,15.4
354,William & Mary,33,10,23,0.303,-11.33,-5.55,4,14,7,7,2,13,69.8,72.1,40.2,23.8,57.9,0.412,8.97,27.8,0.323,13.2,18.8,0.702,10.3,35.2,12.3,4.73,1.7,10.8,17
355,Winthrop,32,17,15,0.531,-1.97,-3.42,8,8,11,5,6,9,77.3,71.5,40.9,25.6,55.1,0.464,7.44,21.8,0.341,18.8,26.8,0.702,10.7,35.4,11.9,6.28,2.78,13,17.8
356,Wisconsin NCAA,36,22,14,0.611,16.01,11.35,11,9,14,3,3,9,74.7,70,40.4,26.4,57.4,0.461,7.11,20.4,0.349,14.7,19.4,0.755,10.1,34,12.7,6.22,1.64,9.94,16.5
357,Wofford,32,17,15,0.531,-3.87,-1.6,10,8,11,2,6,9,74.5,73.8,40.6,27.3,59.5,0.459,9.56,26.6,0.359,10.3,16.6,0.62,10.5,37.2,15.4,4.44,2.69,11.7,16.3
358,Wright State,32,18,14,0.563,-0.22,-3.62,13,7,9,7,7,6,86.5,81.2,40.5,32.3,60.9,0.53,6.81,17.8,0.383,15.1,19.9,0.757,9.06,34.7,16.5,6.25,2.81,11.8,15.6
359,Wyoming,32,15,17,0.469,0.54,4.57,8,10,9,5,3,10,72.8,74.5,40.3,24.7,54.8,0.451,7.53,20.3,0.372,15.9,21.4,0.741,9.59,34.5,11.7,5.16,2.5,12.8,15.6
360,Xavier,34,16,18,0.471,12.23,11.03,9,11,11,7,3,9,75.9,74.6,40,27.1,62.2,0.436,6.82,19.9,0.342,14.7,19.8,0.746,11.8,38.1,16.2,6.94,3.38,11.6,16.8
361,Yale NCAA,33,23,10,0.697,4.63,0.41,11,3,9,2,9,6,74.7,67.5,40.6,27.8,59.7,0.467,7.3,20.8,0.351,11.7,16.5,0.707,9.88,36.5,15,6.18,3.18,9.58,15.1
362,Youngstown State,32,22,10,0.688,0.97,-5.11,14,6,14,3,8,7,81.2,70.9,40.3,29.1,64.5,0.451,8.81,27.3,0.323,14.2,18.4,0.771,12.8,40,15.3,6.19,4.88,11,16.3